{
    "f1": 0.5549645390070923,
    "precision": 0.4960380348652932,
    "recall": 0.6297786720321932,
    "roc_auc": 0.8258909422586442
}