{
    "f1": 0.5531531531531532,
    "precision": 0.5008156606851549,
    "recall": 0.6177062374245473,
    "roc_auc": 0.8243756096237937
}