{
    "f1": 0.5550660792951543,
    "precision": 0.493730407523511,
    "recall": 0.6338028169014085,
    "roc_auc": 0.827713158632273
}