{
    "f1": 0.530359355638166,
    "roc_auc": 0.835993739269089
}