{
    "f1": 0.5449871465295631,
    "roc_auc": 0.8427574935383645
}