{
    "f1": 0.5572139303482587,
    "roc_auc": 0.829549438417826
}