{
    "f1": 0.5526552655265528,
    "precision": 0.5,
    "recall": 0.6177062374245473,
    "roc_auc": 0.8248306614524892
}